epoch,train_loss,validation_loss,train_f1_defective,validation_f1_defective,validation_error_count,learning_rate
1,0.7026095266389375,0.7008605531926425,0.5411499436302142,0.0,106,0.001
2,0.6977873615699239,0.7010706078331426,0.5043914680050188,0.0,106,0.001
3,0.6929373575909303,0.7029166660218868,0.22093023255813954,0.0,106,0.001
4,0.693300998446965,0.694407286509028,0.5361803084223014,0.0,106,0.001
5,0.6938039135224748,0.6964262217845557,0.6108949416342413,0.0,106,0.0002
6,0.6926680472817751,0.69654299852983,0.4055299539170507,0.0,106,0.0002
7,0.6920666470386014,0.693561815990592,0.5038759689922481,0.0,106,0.0002
8,0.6927558962661441,0.6947692722644446,0.44379562043795623,0.0,106,0.0002
9,0.6902514637106716,0.6934068461634079,0.4876712328767123,0.0,106,4e-05
10,0.6899856452894683,0.6934612865717906,0.5660377358490566,0.0,106,4e-05
11,0.6924041190949997,0.6935246732999694,0.5279069767441861,0.0,106,4e-05
